"","hhid","called"
"1","FH1127","yes"
"2","FH1169","yes"
"3","FH2085","yes"
"4","FH254","yes"
"5","FH2749","yes"
"6","FH2990","yes"
"7","FH411","yes"
"8","FH548","yes"
"9","FH742","yes"
"10","HH1008","yes"
"11","HH1015","yes"
"12","HH1016","yes"
"13","HH1018","yes"
"14","HH1024","yes"
"15","HH104","yes"
"16","HH1060","yes"
"17","HH1075","yes"
"18","HH1094","yes"
"19","HH113","yes"
"20","HH116","yes"
"21","HH1173","yes"
"22","HH1213","yes"
"23","HH123","yes"
"24","HH1242","yes"
"25","HH1244","yes"
"26","HH125","yes"
"27","HH1253","yes"
"28","HH1259","yes"
"29","HH1271","yes"
"30","HH1292","yes"
"31","HH1298","yes"
"32","HH1301","yes"
"33","HH1302","yes"
"34","HH1311","yes"
"35","HH1337","yes"
"36","HH1341","yes"
"37","HH135","yes"
"38","HH1413","yes"
"39","HH143","yes"
"40","HH1444","yes"
"41","HH1449","yes"
"42","HH1477","yes"
"43","HH1478","yes"
"44","HH1483","yes"
"45","HH1506","yes"
"46","HH1513","yes"
"47","HH1519","yes"
"48","HH1520","yes"
"49","HH1521","yes"
"50","HH1531","yes"
"51","HH1537","yes"
"52","HH155","yes"
"53","HH1552","yes"
"54","HH1577","yes"
"55","HH1581","yes"
"56","HH1585","yes"
"57","HH1597","yes"
"58","HH1639","yes"
"59","HH1653","yes"
"60","HH1658","yes"
"61","HH1664","yes"
"62","HH1665","yes"
"63","HH1669","yes"
"64","HH169","yes"
"65","HH1701","yes"
"66","HH1706","yes"
"67","HH172","yes"
"68","HH1744","yes"
"69","HH1752","yes"
"70","HH1770","yes"
"71","HH1799","yes"
"72","HH1820","yes"
"73","HH1842","yes"
"74","HH1856","yes"
"75","HH1863","yes"
"76","HH1879","yes"
"77","HH1900","yes"
"78","HH1920","yes"
"79","HH1954","yes"
"80","HH1986","yes"
"81","HH2000","yes"
"82","HH2001","yes"
"83","HH2003","yes"
"84","HH2014","yes"
"85","HH2077","yes"
"86","HH2082","yes"
"87","HH2088","yes"
"88","HH2100","yes"
"89","HH2103","yes"
"90","HH2119","yes"
"91","HH212","yes"
"92","HH2203","yes"
"93","HH2214","yes"
"94","HH2219","yes"
"95","HH2232","yes"
"96","HH2233","yes"
"97","HH2240","yes"
"98","HH2247","yes"
"99","HH2268","yes"
"100","HH2269","yes"
"101","HH2278","yes"
"102","HH2286","yes"
"103","HH2295","yes"
"104","HH2312","yes"
"105","HH2332","yes"
"106","HH2338","yes"
"107","HH2426","yes"
"108","HH2549","yes"
"109","HH2565","yes"
"110","HH2579","yes"
"111","HH2581","yes"
"112","HH2586","yes"
"113","HH2594","yes"
"114","HH2603","yes"
"115","HH2609","yes"
"116","HH2621","yes"
"117","HH2654","yes"
"118","HH268","yes"
"119","HH2726","yes"
"120","HH2728","yes"
"121","HH2750","yes"
"122","HH2752","yes"
"123","HH2761","yes"
"124","HH2764","yes"
"125","HH278","yes"
"126","HH2785","yes"
"127","HH2796","yes"
"128","HH2832","yes"
"129","HH2835","yes"
"130","HH2840","yes"
"131","HH2841","yes"
"132","HH2846","yes"
"133","HH2847","yes"
"134","HH2848","yes"
"135","HH2849","yes"
"136","HH2893","yes"
"137","HH290","yes"
"138","HH2919","yes"
"139","HH293","yes"
"140","HH2931","yes"
"141","HH2960","yes"
"142","HH2972","yes"
"143","HH2980","yes"
"144","HH3010","yes"
"145","HH3017","yes"
"146","HH3020","yes"
"147","HH3028","yes"
"148","HH304","yes"
"149","HH3046","yes"
"150","HH3052","yes"
"151","HH3089","yes"
"152","HH3097","yes"
"153","HH310","yes"
"154","HH311","yes"
"155","HH3144","yes"
"156","HH3146","yes"
"157","HH3158","yes"
"158","HH3165","yes"
"159","HH3174","yes"
"160","HH3211","yes"
"161","HH3245","yes"
"162","HH3263","yes"
"163","HH3287","yes"
"164","HH3289","yes"
"165","HH3308","yes"
"166","HH3332","yes"
"167","HH3339","yes"
"168","HH3355","yes"
"169","HH3358","yes"
"170","HH3370","yes"
"171","HH3407","yes"
"172","HH3425","yes"
"173","HH3425","yes"
"174","HH3438","yes"
"175","HH3449","yes"
"176","HH3468","yes"
"177","HH3473","yes"
"178","HH3486","yes"
"179","HH3491","yes"
"180","HH3492","yes"
"181","HH3502","yes"
"182","HH3503","yes"
"183","HH3525","yes"
"184","HH3529","yes"
"185","HH3532","yes"
"186","HH3555","yes"
"187","HH3560","yes"
"188","HH3573","yes"
"189","HH359","yes"
"190","HH365","yes"
"191","HH378","yes"
"192","HH38","yes"
"193","HH393","yes"
"194","HH439","yes"
"195","HH47","yes"
"196","HH514","yes"
"197","HH529","yes"
"198","HH532","yes"
"199","HH535","yes"
"200","HH54","yes"
"201","HH551","yes"
"202","HH553","yes"
"203","HH556","yes"
"204","HH56","yes"
"205","HH562","yes"
"206","HH599","yes"
"207","HH613","yes"
"208","HH626","yes"
"209","HH633","yes"
"210","HH635","yes"
"211","HH637","yes"
"212","HH638","yes"
"213","HH643","yes"
"214","HH65","yes"
"215","HH676","yes"
"216","HH681","yes"
"217","HH71","yes"
"218","HH727","yes"
"219","HH732","yes"
"220","HH737","yes"
"221","HH783","yes"
"222","HH789","yes"
"223","HH79","yes"
"224","HH791","yes"
"225","HH81","yes"
"226","HH816","yes"
"227","HH827","yes"
"228","HH843","yes"
"229","HH847","yes"
"230","HH851","yes"
"231","HH851","yes"
"232","HH862","yes"
"233","HH883","yes"
"234","HH890","yes"
"235","HH892","yes"
"236","HH903","yes"
"237","HH927","yes"
"238","HH929","yes"
"239","HH936","yes"
"240","HH938","yes"
"241","HH961","yes"
"242","HH981","yes"
"243","HH982","yes"
"244","HH983","yes"
"245","HH986","yes"
"246","HH987","yes"
"247","HH993","yes"
"248","HH994","yes"
"249","HH996","yes"
